{
  "type": "state_districts",
  "state_name": "LAKSHADWEEP",
  "data": {
    "LAKSHADWEEP": {
      "average_methane": 1868.1283244281399,
      "data_quality": {
        "total_months": 118,
        "data_coverage": 100.0,
        "avg_points_per_month": 100.80508474576271
      },
      "point_count": 11895
    }
  },
  "monthly_data": {
    "2014_01": {
      "LAKSHADWEEP": {
        "average": 1871.139383664367,
        "point_count": 109
      }
    },
    "2014_02": {
      "LAKSHADWEEP": {
        "average": 1879.6999589382538,
        "point_count": 48
      }
    },
    "2014_03": {
      "LAKSHADWEEP": {
        "average": 1870.734501401959,
        "point_count": 83
      }
    },
    "2014_04": {
      "LAKSHADWEEP": {
        "average": 1867.75868277129,
        "point_count": 109
      }
    },
    "2014_05": {
      "LAKSHADWEEP": {
        "average": 1871.962161243184,
        "point_count": 109
      }
    },
    "2014_06": {
      "LAKSHADWEEP": {
        "average": 1867.649741185254,
        "point_count": 109
      }
    },
    "2014_07": {
      "LAKSHADWEEP": {
        "average": 1866.1720338659816,
        "point_count": 109
      }
    },
    "2014_08": {
      "LAKSHADWEEP": {
        "average": 1880.9198227948216,
        "point_count": 109
      }
    },
    "2014_09": {
      "LAKSHADWEEP": {
        "average": 1866.921198619337,
        "point_count": 109
      }
    },
    "2014_10": {
      "LAKSHADWEEP": {
        "average": 1865.5211471604257,
        "point_count": 109
      }
    },
    "2014_11": {
      "LAKSHADWEEP": {
        "average": 1860.452090230225,
        "point_count": 48
      }
    },
    "2014_12": {
      "LAKSHADWEEP": {
        "average": 1850.458513353395,
        "point_count": 91
      }
    },
    "2015_01": {
      "LAKSHADWEEP": {
        "average": 1863.2128822210698,
        "point_count": 109
      }
    },
    "2015_02": {
      "LAKSHADWEEP": {
        "average": 1877.9353713380335,
        "point_count": 109
      }
    },
    "2015_03": {
      "LAKSHADWEEP": {
        "average": 1878.2121394283236,
        "point_count": 109
      }
    },
    "2015_04": {
      "LAKSHADWEEP": {
        "average": 1871.521323760533,
        "point_count": 109
      }
    },
    "2015_05": {
      "LAKSHADWEEP": {
        "average": 1864.9842313868412,
        "point_count": 109
      }
    },
    "2015_06": {
      "LAKSHADWEEP": {
        "average": 1871.5735170770852,
        "point_count": 109
      }
    },
    "2015_07": {
      "LAKSHADWEEP": {
        "average": 1878.1200321693616,
        "point_count": 109
      }
    },
    "2015_08": {
      "LAKSHADWEEP": {
        "average": 1869.397553775256,
        "point_count": 109
      }
    },
    "2015_09": {
      "LAKSHADWEEP": {
        "average": 1886.2244613550479,
        "point_count": 109
      }
    },
    "2015_10": {
      "LAKSHADWEEP": {
        "average": 1874.7383991840895,
        "point_count": 109
      }
    },
    "2015_11": {
      "LAKSHADWEEP": {
        "average": 1851.8235939880321,
        "point_count": 94
      }
    },
    "2015_12": {
      "LAKSHADWEEP": {
        "average": 1849.7194394608478,
        "point_count": 93
      }
    },
    "2016_01": {
      "LAKSHADWEEP": {
        "average": 1863.8931746175201,
        "point_count": 109
      }
    },
    "2016_02": {
      "LAKSHADWEEP": {
        "average": 1877.5418671199761,
        "point_count": 93
      }
    },
    "2016_03": {
      "LAKSHADWEEP": {
        "average": 1874.1929400148726,
        "point_count": 109
      }
    },
    "2016_04": {
      "LAKSHADWEEP": {
        "average": 1867.1370778949922,
        "point_count": 109
      }
    },
    "2016_05": {
      "LAKSHADWEEP": {
        "average": 1866.5913908389196,
        "point_count": 109
      }
    },
    "2016_06": {
      "LAKSHADWEEP": {
        "average": 1873.209170862683,
        "point_count": 109
      }
    },
    "2016_07": {
      "LAKSHADWEEP": {
        "average": 1862.2789979126992,
        "point_count": 66
      }
    },
    "2016_08": {
      "LAKSHADWEEP": {
        "average": 1867.14773822,
        "point_count": 109
      }
    },
    "2016_09": {
      "LAKSHADWEEP": {
        "average": 1886.3101502558372,
        "point_count": 109
      }
    },
    "2016_10": {
      "LAKSHADWEEP": {
        "average": 1874.855643138797,
        "point_count": 109
      }
    },
    "2016_11": {
      "LAKSHADWEEP": {
        "average": 1853.4458043281477,
        "point_count": 109
      }
    },
    "2016_12": {
      "LAKSHADWEEP": {
        "average": 1850.5425711089288,
        "point_count": 109
      }
    },
    "2017_01": {
      "LAKSHADWEEP": {
        "average": 1863.5744873032545,
        "point_count": 109
      }
    },
    "2017_02": {
      "LAKSHADWEEP": {
        "average": 1877.923785488255,
        "point_count": 109
      }
    },
    "2017_03": {
      "LAKSHADWEEP": {
        "average": 1876.3047055580262,
        "point_count": 109
      }
    },
    "2017_04": {
      "LAKSHADWEEP": {
        "average": 1876.8188151762026,
        "point_count": 109
      }
    },
    "2017_05": {
      "LAKSHADWEEP": {
        "average": 1872.6489899154433,
        "point_count": 109
      }
    },
    "2017_06": {
      "LAKSHADWEEP": {
        "average": 1867.7052201283461,
        "point_count": 109
      }
    },
    "2017_07": {
      "LAKSHADWEEP": {
        "average": 1871.3361424917832,
        "point_count": 109
      }
    },
    "2017_08": {
      "LAKSHADWEEP": {
        "average": 1868.1441550622994,
        "point_count": 109
      }
    },
    "2017_09": {
      "LAKSHADWEEP": {
        "average": 1874.9617401691662,
        "point_count": 93
      }
    },
    "2017_10": {
      "LAKSHADWEEP": {
        "average": 1877.1797700798647,
        "point_count": 82
      }
    },
    "2017_11": {
      "LAKSHADWEEP": {
        "average": 1851.9005442019595,
        "point_count": 109
      }
    },
    "2017_12": {
      "LAKSHADWEEP": {
        "average": 1851.2232332998387,
        "point_count": 109
      }
    },
    "2018_01": {
      "LAKSHADWEEP": {
        "average": 1859.0943015503149,
        "point_count": 109
      }
    },
    "2018_02": {
      "LAKSHADWEEP": {
        "average": 1878.5999631349805,
        "point_count": 109
      }
    },
    "2018_03": {
      "LAKSHADWEEP": {
        "average": 1879.2752809608708,
        "point_count": 48
      }
    },
    "2018_04": {
      "LAKSHADWEEP": {
        "average": 1876.674046207878,
        "point_count": 109
      }
    },
    "2018_05": {
      "LAKSHADWEEP": {
        "average": 1869.0821416961135,
        "point_count": 82
      }
    },
    "2018_06": {
      "LAKSHADWEEP": {
        "average": 1856.3141430227297,
        "point_count": 94
      }
    },
    "2018_07": {
      "LAKSHADWEEP": {
        "average": 1869.9626508393676,
        "point_count": 109
      }
    },
    "2018_08": {
      "LAKSHADWEEP": {
        "average": 1866.372492533568,
        "point_count": 75
      }
    },
    "2018_09": {
      "LAKSHADWEEP": {
        "average": 1868.6538242294812,
        "point_count": 109
      }
    },
    "2018_10": {
      "LAKSHADWEEP": {
        "average": 1867.232793905084,
        "point_count": 109
      }
    },
    "2018_11": {
      "LAKSHADWEEP": {
        "average": 1852.6056941751597,
        "point_count": 109
      }
    },
    "2018_12": {
      "LAKSHADWEEP": {
        "average": 1851.112742819438,
        "point_count": 109
      }
    },
    "2019_01": {
      "LAKSHADWEEP": {
        "average": 1865.6469667043064,
        "point_count": 109
      }
    },
    "2019_02": {
      "LAKSHADWEEP": {
        "average": 1877.9843551341928,
        "point_count": 109
      }
    },
    "2019_03": {
      "LAKSHADWEEP": {
        "average": 1878.2068083533304,
        "point_count": 109
      }
    },